sentence,label
之前是在精誠路上,neu
每次到用餐時刻也都很多人,neu
在以前的長圓百貨附近,neu
好像很多人不知道搬到那裡,neu
現在我們家幾乎每個禮拜假日都會買東佳的牛肉麵回家吃,neu
麵條我喜歡吃細麵對麵條沒什麼研究,neu
現在的招牌有點不顯眼,neu
要去的人可能要找一下,neu
這次再度拜訪麻豆小鎮的美食,neu
跟我們一般所想的水晶餃不同,neu
一個賣10元老闆人非常親切,neu
照片在以下網址歡迎蒞臨指教對於新鮮事兒有火熱興趣的J等不及週末在週五晚上就殺去吃,neu
一次對於康莊小吃滿滿的菜單深感興趣的J&A雖對上次吃的,neu
首先是魚香茄子口味和魚香烘蛋差不多只是將蛋換成了茄子,neu
種口感不過A倒覺得可能是老闆故意處理成這樣方便客人夾,neu
也能放心將茄子煮透而不怕煮爛,neu
上桌還滾得直冒泡泡的五更腸旺大腸和鴨血都燉得軟爛沾上鍋,neu
過一點都沒有辣味是和他處的五更腸旺最大的不同,neu
麻婆豆腐倒是神奇的一道豆腐是口感較粗的豆腐芡汁中的肉末,neu
份量不少口感也紮實不過名為麻婆豆腐不知為什麼和五更,neu
腸旺一般一點兒也沒有辣味口味雖然不錯對期待辣味的A,neu
幸好最後一道沙茶牛肉牛肉和空心菜伴著各種口味較重的佐料,neu
可能是我們點的菜口味和預期的有出入所以除了沙茶牛肉外,neu
每道菜都是偏甜的口感偏沙茶牛肉最後才上來所以一開始雖,neu
怎麼說呢肉絲和蛋都發揮了應有的水準就是肉香和蛋香,neu
可飯呀真是不簡單即使只盛一小匙飯入口但是每顆飯粒都充盈著,neu
魚香茄子80,neu
五更腸旺120,neu
麻婆豆腐60,neu
沙茶牛肉90,neu
肉絲蛋炒飯50,neu
價位範圍每人：簡餐80100,neu
鍋類200240,neu
這家是台電大樓旁新開的店,neu
以前瑪莉亞的店XIPASTA店址那間,neu
現在是走全素路線的涮涮鍋店,neu
因為就在家裡附近,neu
中午經過看他有賣商業簡餐平日中午,neu
香椿拌麵80素腩麵90,neu
就想說不貴進去吃吃看,neu
裡面每張桌子都放一個卡式爐,neu
跟現在的涮涮鍋都用電磁爐比起來有點怪,neu
火鍋有蔬菜鍋泡菜鍋麻辣鍋麻油鍋兩百塊起跳,neu
一坐下老闆娘就來倒茶,neu
茶是養生茶有些桂圓紅棗和其他中藥,neu
味道不會很重甜甜的,neu
點了香椿拌麵,neu
開始先上一盤小菜拌牛蒡或皇帝菜選一,neu
還有一碗湯,neu
裡面有蘿蔔黃瓜絲香菇絲,neu
整個有種羅斯福路對面那家生機飲食店的感覺,neu
麵上來時第一印象是份量很大,neu
以一個正常男生的午餐而言算很多的,neu
上面淋有黃瓜絲香菇絲的,neu
還有放些素肉素羹,neu
整個吃完80元,neu
老實說以現在素食貴成這樣來講,neu
我覺得相當划算,neu
有空會再去吃吃看他們的火鍋吧,neu
今天去華納發現以前在一樓的美食廣場搬到二樓去了,neu
店家有些不太一樣,neu
這家是在BurgerKing再過去一家的DennisDeli,neu
店面照聽店員說位置分配得有點不好,neu
感覺不太起眼,neu
看看其實華納這裡的價位都差不多,neu
就點了$150的鮪魚鬆餅,neu
鬆餅有鮪魚水果草莓三種份量都超大的真正端上來跟櫥窗裡的一模一樣@@,neu
鮪魚不是只有草莓醬之類隨便加的草莓鬆餅水果總匯有點忘了步確定我是食量很大的女生,neu
那份鬆餅竟然讓我覺得滿飽的一般女生大概兩個人吃差不多,neu
鬆餅非常紮實四大片真的逼近三公分厚@,neu
然後三明治忘了照法國三明治原本以為是一般的法國麵包,neu
但是很不一樣耶是白色的麵包,neu
麵包除了特別的口感外還有一種香味,neu
好像可以加錢變套餐附飲料什麼的沒有試了,neu
產品還有果汁優格焗飯麵三明治還有其他種,neu
報告完畢,neu
還有店員很可愛XDDD這張不清楚哈哈可是真的很可愛有其他板友有吃新美食廣場的餐點的話也請來分享一下心得吧,neu
價位範圍每人：50100,neu
週六日11002100,neu
今天中午和幾個朋友去吃「重慶抄手麵食」,neu
好像沒看過版上有介紹,neu
在師大附中附近,neu
我們算是路過就順道進去吃了,neu
賣的是些小吃如店名賣各種抄手麵食之類的,neu
店面看起來頗漂亮,neu
整潔乾淨讓人感覺挺舒服的,neu
翻開MENU,neu
哇都是我愛吃的東西耶,neu
猶豫了超久的XD,neu
最後我點了「川味擔擔麵」$55,neu
並和朋友share紅油抄手$50,neu
炸響鈴$60,neu
我總共付了105,neu
另外我朋友點了酸辣抄手$50,neu
原湯抄手$50,neu
紅油抄手麵$55,neu
魚香哨子麵﹝乾﹞$55,neu
怪味雞$60﹝微辣我沒吃聽說很讚﹞,neu
*川味擔擔麵*,neu
又濃又香的醬料微辣的口感上面灑上花生粉,neu
醬料和麵攪拌之後很濃稠吃得有點乾”口渴,neu
*紅油抄手*,neu
微微的辣﹝真希望它再辣一點﹞,neu
*炸響鈴*,neu
就是炸抄手啦,neu
沾醬是甜辣醬,neu
這家店賣的東西頗合我的口味和喜好,neu
下次還想來吃吃看它的其他東西,neu
例如大餅牛肉捲重慶粉蒸肉麻辣牛肉麵怪味乾拌麵,neu
哈哈流口水了有機會再來XD,neu
PS沒預料會來這裡吃,neu
所以沒帶相機嗚”,neu
餐飲／店家名稱：卡巴尼那義大利媽媽鄉村餐坊,neu
ADD：新竹市東大路二段73號,neu
價位範圍每人：三百以上,neu
跟朋友共三人前去,neu
因為馬德雷客滿,neu
所以只好找了附近看起來也是小店的這家,neu
雖然外觀看起來很平實,neu
不過他的價位倒是很有飯店水準,neu
義大利麵一盤約是兩百五至四百五,neu
薄片披薩十二吋則是四百五至六百五,neu
可口可樂一瓶三百五十西西的一百元,neu
且不供應水,neu
以上都還要加一成服務費,neu
一進去就被菜單嚇倒的我們三人,neu
囿於預算所限只有都點義大利麵囉,neu
雖然我現在覺得應該點個披薩大家雪兒的,neu
至少比較特別嘛,neu
不過呢,neu
總之我們是點了三個義大利麵,neu
第一個是忘記名字號稱超辣的辣椒麵／兩百五十元,neu
首先偷吃了一口,neu
麵煮得過軟而且其實也只有微辣的程度,neu
第二個是我點的緹魚香蒜麵／兩百八十元,neu
一端來我就看到一堆我不吃的芹菜,neu
只好跟朋友換他的麵,neu
我還是偷吃了一口,neu
芹菜的嗆味還蓋過蒜味吧,neu
第三個是被我ａ來的滑蛋培根麵／兩百八十元,neu
首先麵還是過軟,neu
然後我果然不適合吃蛋花麵啊XD,neu
整個吃完有種自虐的快感_,neu
另外雖然我們都坐在禁菸區,neu
還是被菸味熏到頭暈腦脹,neu
再加服務費就要將近九百元,neu
沒加水什麼的根本就沒被服務到啊,neu
三個人帶著怨念走出了這家店,neu
不過如果我以後有錢的話,neu
倒是想試試看他的披薩,neu
番外：之後去逛新光三越,neu
在地下超市買了一罐十四元的可樂,neu
現賺八十六元P,neu
這種麵大概賣個一百出頭差不多,neu
賣到三百真的很坑人,neu
希望這樣不會過當哩P,neu
價位範圍每人：平日399+10%,neu
假日500+10%,neu
這家淡水機場座落於中正東路上其實地方還蠻好找的開車騎車的人可以在往,neu
三芝淡水的分隔處就看到這家餐廳在右手邊而坐車的人可以搭捷運在紅樹林站下車,neu
過個馬路五分鐘不到就到達了,neu
這家餐廳不是我第一次來昨天會去的原因是因為有個朋友非常喜歡這家店,neu
我已經很少碰吃到飽類的食物了一來不划算我食量小二來則是人多我怕吵,neu
只是一群同事約要吃飯說不去就太過意不去了OS我不想沒朋友啊,neu
淡水機場稱之為機場是因為餐廳的外觀是一架737的飛機而得名,neu
不過蝴蝶去了這麼多次倒還沒上過二樓用過餐改天有機會一定要上去看看的,neu
一樓主要是以buffet為賣點其實東西不算多不過每種食物都吃一輪吃下來,neu
也是會有飽足的感覺主要可以分成沙拉區港式點心區冰品區蛋糕餅乾區,neu
飲料區熱食區冷盤區熱炒和火鍋區水果區幾塊區域可能有人會覺得很多,neu
可是其實每一區的東西種類都不多,neu
沙拉區就生菜沙拉類的大概就是一般常見的苜宿芽萵苣玉米石蓮花,neu
好像有九樣菜的樣子沾醬則是有三四種供大家選擇,neu
港式點心區只有六七樣東西分別是鳳爪蝦餃奶黃包玉免甜包茶碗蒸,neu
除了蝦餃之外其他的我沒碰跟平常茶樓吃的蝦餃不同它的蝦餃小小一個,neu
看起來很可愛外皮澄澈透明咬下去QQ的不過皮的厚薄不一算是美中不足的地方,neu
內餡的蝦肉是剁碎再混成一團的蝦泥口味清爽單吃也吃得到蝦子的甜味,neu
冰品區分成兩塊一部分是刨冰類的配料有大紅豆薏仁綠豆等甜料另外則是,neu
六種口味的冰淇淋讓客人自己挖取可惜沒有我愛吃的酥杯,neu
蛋糕餅乾區蝴蝶是一個嗜甜食如命的人所以每樣蛋糕餅乾都吃了,neu
虎皮捲蛋糕體冰過後稍硬沒有虎皮捲鬆軟的感覺,neu
糯米皮反而顯得有點甜不過外皮揉入了濃濃的牛奶香並灑上了椰子粉,neu
芋泥捲其實我不知道這道點心的名字啦不過應該是日式大福之類的吧,neu
外皮冰凍了太久有點硬但內餡是芋泥加蛋黃味道很搭,neu
冰淇淋泡芙基本上蝴蝶一個人吃了四五個泡芙但是完全都只是把內餡的,neu
奶油冰淇淋挖出來吃掉外皮根本連碰都不碰OS真是個澳客+浪費食物,neu
手工餅乾味道就像外面大賣場賣的那種冷凍長條狀可以買回家自己烤的餅乾,neu
飲料區果汁有紫蘇梅柳橙總共三樣可以選擇還有汔水飲料至於熱飲部分,neu
之前去的時候好像有五六點花草茶可以選的這次只看到紅茶包和綠茶包,neu
特別的是淡水機場還有啤酒和紅酒可以喝以399的價位我倒覺得還挺訝異的,neu
熱食區這家餐廳的優點吧不像一般吃到飽的餐廳每一道熱食吃完後補上的菜餚,neu
的種類的不太一樣也就是說雖然它擺出來的盤子不多但吃到最後還是可以,neu
吃到不下二十樣的菜色前提是要你夠會吃其實我還蠻喜歡它的海鮮料理的,neu
除了生蠔和生魚片我不吃外可能是因為臨近淡水所以他的海鮮都還算新鮮,neu
愛吃海鮮的人都清楚如果食材夠新鮮其實烹調不需要太繁鎖的手法,neu
食物就可以很美味了,neu
美奶滋烤扇貝扇貝上淋上美奶滋烘烤而成看起來豪華氣派但其實份量不多,neu
不過我還是很嘴饞的吃了三個,neu
蒸魚說真的我分辨不出它蒸的魚倒底是什麼種類看起來有點像鱸魚可是尺寸,neu
小了許多很新鮮簡單的薑絲蒜絲就帶出魚肉鮮美的滋味了,neu
糖醋魚切成小塊的魚肉我實在很難從它的屍體看出它是屬於哪一類的魚種,neu
不過一入口就知道是鮭魚了酸甜的糖醋醬拌著炸的酥脆的鮭魚塊洋蔥和青椒,neu
水煮蝦蝴蝶的最愛蝦子不大隻但也不小氣沾上芥末醬油嗆得喉嚨足又過癮,neu
另外其實我還看到炸蝦沒吃到懊鹽酥蟹蝦捲炒飯米粉比較特別的,neu
應該是田雞干貝湯吧田雞不用我介紹了吧這道湯品我連看都不太敢看哩,neu
還有不少的料理可惜蝴蝶當時已經飽到不行了,neu
冷盤區以海鮮冷盤種類較多印象中還有壽司牛腱醉雞雞胗,neu
鮑魚一看就知道是鮑魚罐頭不過我還是夾了兩片,neu
至於溪蝦牛腱醉雞我都沒啥碰到,neu
熱炒和火鍋我也沒碰不過看食材都還蠻新鮮的扣掉師父的手藝不談的話,neu
以平常日一個人399+10%的價位其實還挺划算的而且推出的菜色也不算少,neu
如果你又是跟蝴蝶一樣喜歡吃海鮮料理的人這家餐廳是個可以考慮的地方,neu
至於之前有版友提到服務態度的問題可能我幸運吧去了好幾次都沒碰過爛服務生,neu
昨天的服務生也都還挺勤快有禮貌的而且他們昨天的生意不錯,neu
服務生收盤的速度也蠻快的,neu
不知道是不是大家討論的那間怖麻怖辣,neu
看店名似乎一樣不過賣的是小火鍋,neu
類似三媽臭臭鍋那種一個小鍋+一碗飯,neu
鍋子我覺得應該比三媽大因為它是U型的鍋子,neu
三媽的是像迷你炒菜鍋,neu
飯比三媽大碗一些,neu
醬料是沙茶蒜頭辣椒等等還有醬油香油醋有一罐忘了沒有我最愛的豆瓣_,neu
放醬料的地方蠻特別的友人說像是神桌拿來改裝@@,neu
鍋的選擇比較多樣,neu
韓式泡菜酸菜白肉咖哩麻辣鍋蕃茄鍋還有其他的記不起來,neu
價格上比較貴110元,neu
我點了蕃茄鍋友人點麻辣鍋,neu
送上來後發現它只是用空架子架著而已底下並沒有用酒精膏點火,neu
鍋子裡湯很多言下之意--料有點少湯又沒什麼味道嘆氣,neu
鍋子裡一樣是湯很多,neu
後來他說怎麼那麼多鴨血啊吃起來還有血的味道露出厭惡的表情,neu
我不喜歡吃鴨血所以不清楚是不是鴨血本身就應該要吃起來有血的味道,neu
兩人去吃的結果是沒有下次了,neu
既不好吃價格又比較貴,neu
CP值算蠻低的一餐_____,neu
還好有先買一盒甜甜圈安撫一下傷心的胃XD,neu
ps後來友人跟我說他吃了之後拉了三天@@|||,neu
今天晚上去吃了西門町的『咖哩達人』,neu
價位只有200跟220兩種,neu
還挺好吃的推薦給大家,neu
好像是新開的店裝潢以黃色系列為主咖哩的原因吧,neu
我們各點了『歐母蛋牛肉飯』『咖哩豬排拌麵』『烤咖哩牛肉飯』,neu
第一個『歐母蛋牛肉飯』就是類似滑蛋的作法,neu
第二個『咖哩豬排拌麵』是將麵泡在咖哩醬汁裡,neu
整體來說麵有點爛沒有嚼勁而且咖哩醬汁多了點份量稍嫌不足,neu
第三個『烤咖哩牛肉飯』就是焗烤咖哩飯,neu
焗烤就是多了起司的奶香份量多賣相也很好乍看是份量最多的,neu
正中間還有加一個荷包蛋一起下去烤烤起來有個蛋黃在正中央,neu
不過是全熟的有點失望不過咖哩醬汁很少以焗烤方式製作,neu
整體來說份量夠咖哩味道以咖哩飯做支撐奶香味十足邁向佳,neu
順帶補充一點他的飯都是已經做好的咖哩飯顏色皆為黃色,neu
並非以醬汁淋上已經先做過處理所以即使不用醬汁有有咖哩味,neu
每份都是套餐式的有沙拉配菜湯主菜飲料,neu
若是有喜歡吃咖哩的鄉民可以去試試看,neu
聽說還有一家『魔法咖哩』也不錯下次在去試試看,neu
我查過了目前還沒有網頁,neu
我拿了一張名片有圖有真相,neu
價位範圍每人：200220,neu
價位範圍每人：220500左右,neu
今天去吃他們的豬肉加鮪魚片鍋270元日式湯底,neu
3無限量供應的配料青菜芋頭冬瓜片南瓜片紫山藥特別的丸子,neu
起司球芋頭片等種類還滿多的,neu
價位範圍每人：200元左右,neu
同學推薦我去的我跟男友都很喜歡這家店,neu
詳細地點之前有人PO過了我不再重複,neu
但他最近了店名本來是草本集現在叫草本茶集,neu
我們很喜歡吃它的香蜂草雞腿飯的飯,neu
很多人都是因為它的雞腿而點,neu
我們則是喜歡他特別的飯,neu
他的飯用特殊香料包下去煮的,neu
雞腿則是要醃一整天店員透露的,neu
然後再去製作,neu
這個餐有,neu
沙拉沙拉醬是自己打的奇異果沙拉醬,neu
濃湯也是特製的,neu
小布丁一個OR小地瓜一個,neu
飲料一杯,neu
通常我們飲料都會換他店裡的果汁,neu
他們是以飲料店起家的,neu
果汁都是真的水果下去打,neu
吃的到果肉的,neu
原本的餐200元,neu
飲料若換成其他果汁就是果汁的半價,neu
全部不用250元,neu
店裡還有賣很多茶包,neu
喜歡草本風味的朋友可以去嚐嚐看喔,neu
冬天快到了他們的養生鍋也很有名我還沒吃過,neu
下次我再來嚐嚐,neu
價位範圍每人：３２９烤肉＋火鍋,neu
飲料中有一種”檸檬綠茶”我覺得喝起來有一種消毒水的味道．．．．,neu
其他就還好正常,neu
服務方面就服務生沒什麼表情問它有沒有飲料的杯子他就默默的拿給我嗯,neu
然後服務生就像遊魂一樣遊盪在各個角落．．．,neu
不過我們一伙人倒是在那邊被其他客人白眼,neu
因為太-----吵-----,neu
a因為是慶功宴嘛而且一大票人去吃吃到飽如果就默默的吃完然後離開,neu
這樣不會太無聊嗎￣y▽￣╭,neu
對不起啊當時在場的客人們,neu
對了,neu
有一個服務生人還不錯喔,neu
是我唯一看到有笑容的,neu
一個中年有點胖胖的,neu
我們在吵的時候,neu
他來跟我們講,neu
有的歐巴桑不太高興我們在那邊吵,neu
但是你們不用理他們,neu
XD,neu
圖文在中山路一帶本來要去吃麻辣婆婆但因要等太久而做罷,neu
反正車子已經停好就隨便找間店吃吃,neu
一到古德曼門口已經快十點了驚訝店門口竟然坐滿人,neu
店裡有分吸煙區和禁煙區不過有二個白目女還是在禁煙區抽煙,neu
我們分別點了小火鍋陶板鍋和砂鍋：,neu
豬肉陶板鍋我沒嚐不知道味道怎樣,neu
整體而言料並不算多以一份230元左右來說還附贈一杯大杯飲料價錢還可接受,neu
順帶一提有一個女店員很恰我們說爐子火太小可否換一個爐子,neu
她竟然叫我們先吃白飯就好而且笑的很假這種服務態度真是讓人無言,neu
我只好請另一位帥哥過來幫我們幸好他人還不錯,neu
餐點不出色服務態度也不太妙如果沒意外這是不會再去第二次的店,neu
價位範圍每人：100450不等,neu
圖文突如其來的一個蛋糕日,neu
金典酒店的蛋糕很精緻在高雄還算小有名氣,neu
心情好或心情差時都喜歡去那帶幾個蛋糕回家不管怎樣都要吃就對了,neu
每次去Julian's小小的一間店總是擠著十來個人在裡面運氣好人會比較少,neu
也常碰到外國人去買可能因為師傅是法國人所以很合他們的胃口吧,neu
由於店內通常只有一位店員所以要算帳要幫客人點蛋糕要包裝好像忙不太過來,neu
但是為了美味的小蛋糕排一下隊也值得了,neu
在這裡還要偷偷說一個好消息雖然很多老饕一定知道,neu
Julian's每天晚上過20：00點蛋糕麵包通通七折喔,neu
Soupexpress和之前介紹過的SweetandSweet同屬風尚公司系列以西式養生健康搭,neu
配低油低酯的主食及點心讓身體無負擔,neu
再次來到新光A4館本來想造訪的是首次登台的NIKONIKOROLLandSUSHI沒想到一,neu
票人已在餐廳門口前等待傻眼的我們詢問小姐要等多久才輪的到答案想當然的要很久,neu
了由於我和妹妹都餓壞了當下就轉戰新光美食的另一戰區--B2美食廣場,neu
同樣的人山人海一位難尋我兩使出等字訣好不容易坐定下來心裡有底的我當然是,neu
選擇前述的Soupexpress作為今天的中餐至於妹妹呢出乎我意料外的選擇了印度皇,neu
宮畢竟有辣度的咖哩向來不是她的選擇印度皇宮的介紹留待下篇,neu
來到Soup櫃前在猶豫當中選了小姐推薦的日式牛肉蔬菜墩飯NT250套餐內容除,neu
了主食另可自選湯品原先預選的蟹肉濃湯似乎搏得不少的青睞很快就賣光了退其,neu
次的選擇「農夫蔬菜湯」甜點則是「果凍」,neu
只要來過A4館的人都知道來此吃飯只要了號碼牌坐在位置上就有服務員為你送上餐點,neu
是蠻過癮的單點有點小貴就是了濃湯和主餐的份量吃下來就我來說蠻撐的我不算?食量小的人喔所以當時並沒有把附贈的果凍吃掉事後回家拿出來吃才曉得Soup,neu
express的用心略酸的果凍是來幫助飯後的消化的,neu
Soupexpress的簡餐不少當然NT250只是其中一種價格雖然價格上貴了些但一家店吃的出用心那到是下次在來A4的好選擇之一,neu
的出用心那到是下次在來A4的好選擇之一,neu
餐飲／店家名稱：滕品欣水餃館,neu
ADD：新竹市東南街291號,neu
價位範圍每人：一百元以內,neu
剛剛接獲snowtoya同學線報,neu
所以衝去吃了這家的招牌豆腐水餃p,neu
另外還點了高麗菜豬肉水餃跟韭菜水餃,neu
還有燙青菜酸辣湯各一份,neu
水餃一顆四元,neu
外帶生水餃一顆三元,neu
屬於小吃店的價位,neu
燙青菜先送來,neu
燙好的青菜感覺是加醬油油蔥酥跟小塊生蒜粒,neu
拌勻後我覺得不夠鹹,neu
酸辣湯接著送來,neu
小碗三十元就是一碗公了,neu
這才注意到桌上有一瓶調味料寫著山東醋,neu
愛吃黑醋的我當然就拿來加,neu
感覺山東醋的口味似乎介在黑醋跟白醋之間,neu
比黑醋更有種嗆味,neu
比白醋則多了點醇厚的感覺,neu
至於水餃我覺得沒有很大顆耶@@,neu
餡料算得上實在就是P,neu
應該是將豆腐絞碎之後再去調味,neu
至於怎麼調我就不知道啦p,neu
就是到處都吃得到的口味,neu
除了主觀我不太喜歡韭菜之外,neu
他的韭菜水餃包的也就只有韭菜,neu
感覺沒有用到絞肉之類來調味,neu
讓整個味道少了厚度,neu
整體來說最特別的應該就是山東醋了吧p,neu
我沒有特別注意snowtoya講的外帶調味料,neu
不知道是不是就是這個,neu
不過我覺得醋三醬油二的比例很棒,neu
而且兩個人費用攤一攤一個人才八十元,neu
算得上是物有所值,neu
價位範圍每人：套餐230300,neu
甚至在整個龍潭鄉包括一堆活魚餐廳和各家合菜也難逢對手,neu
小泡芙以為裡面包冰淇淋其實是冷凍奶油,opi
至於那個三明治我想我自己應該可以做得出來並且不會把麵包烤得那麼硬,opi
因為喬麥麵有個味道讓我很想死,opi
今天的濃湯是洋蔥湯味道普通沒有洋蔥炒出來的甜味應該是沒有炒透吧,opi
這間店我們吃下來cp值頗低的雖然經營者很用心感覺廚師不太好,opi
店的差不多沒有什麼feel而且整個點心區只有一根夾子很多人都和我一樣,opi
單點的咖哩牛肉捲：剛上的時候只覺得聞起來的味道怪怪的,opi
6總結誠心建議不要去吃這種價位吃的東西實在太差,opi
其實還是很辣,opi
感覺反而很不過癮,opi
燒賣這個我覺得普普就是很普通的燒賣,opi
我只能說油而且飯太軟我選的是去冰的奶綠當服務生端上一杯綠茶還有奶油球和糖漿罐時我就暗暗叫苦了,opi
看起來它的生意沒有很好,opi
飲料的話感覺都很普通,opi
指定牛排的熟度可惜這裡不行也是一塊一塊煎好直接放在大鐵盤上面任人夾,opi
牛排不過抱怨歸抱怨還是不錯吃不過就沒焗海鮮飯來得好吃雖是如,opi
不過我弟就覺得這樣的肉只夠塞牙縫p,opi
至少在我最愛的鮭魚這項食材上就有點小失望因為油脂實在太少了,opi
最後ricotta覺得黑巧克力有些太苦沾水果怪怪的,opi
知道上當了粗條米粉跟太白粉芶芡湯是完全分離的狀態也就是說,opi
猛吃肉的結果是很膩根本很難吃的多更重要的是,opi
重口味所以還不錯對七個大男生來說一人一碗飯還不夠幸好還有炒麵啊多多,opi
星期二就軟了好多口感變得很不好,opi
種類是蠻多的但是肉的部份幾乎大部份的肉類都是泡在血水之中-_-|||,opi
從頭到尾對服務的不良印象和心情是會完全抹殺對美食的態度和感覺的,opi
甩那麼大力,opi
真的蠻腥的而且好像又加了美奶滋感覺蠻膩的,opi
根和蕃茄和一般Casersalad不同在於口味重了些,opi
該店價位雖然比一般的刷刷鍋價位高,opi
他的鍋燒意麵沒有很大碗,opi
濃湯上頭灑上一些很細很細的綠色粉末但是味道不明顯嚐不出來是什麼,opi
薯條及義大利麵也表現普普義大利麵方面當天吃的是青醬口味應該是購買一般,opi
3菜哺太油,opi
覺得沒什麼特別的,opi
冷盤就是龍蝦跟鮑魚到處都一樣沒什麼特別,opi
因為湯裡的雞胸肉看起來就老老的,opi
接著另外一個同學焗烤海鮮吃到一半發現有根頭髮他本人還無所謂,opi
水晶包--還可以因為有些像包韭菜的水煎包雖然皮Q勁十足不過味道普普,opi
但就味道而言只能說普普,opi
但是如果沒有折價券要我吃這樣一份500元的套餐我想應該還有更好的選擇,opi
肋眼牛排-好好的美國牛排點五分竟然跟我說看來不是廚師有問題就是肉不怎麼樣,opi
蘑菇莎拉看起來還滿多菇的吃起來的味道滿奇怪的@@不會形容,opi
感覺有用心可是並不好吃價位偏貴,opi
雞肉加莎莎醬雞肉不香嫩莎莎醬味道不夠,opi
只是口感稍嫌不足缺少了點我期待的綿密滋味有點像一般豆花的感覺,opi
日本料理區東西有夠少最令我失望的是竟然沒有握壽司,opi
可是可是問題來了整個用餐過程吵到不行就算了反正中式餐館本就如此,opi
沙瓦就跟果汁沒兩樣其實薄酒萊就不熟了喝起來就是普通的酒嘛哈哈哈哈哈,opi
水果很少阿真的很少而且事實上還真的不怎麼好吃,opi
心得對我來說份量不大不過對一般女生應該剛好吧下次應該不會再去吃吧,opi
鮪魚幕斯這個也不錯吃用鮪魚打成幕斯只是口味有點太淡了,opi
今天晚餐去吃船老大感覺真的還好,opi
湯頭就有點不是那麼讓人滿意可能是我一向對味精敏感湯裡的味精讓喝完,opi
沒有啥特別感覺,opi
6其實現在台灣進口的一點都不好吃以前很久以前糕更香濃我第一次吃到,opi
所以衛生真的很差,opi
米腸不推,opi
而且料都沒變真的是貴到一個不行還很油,opi
在排隊的時候看到那個店員居然用手拿著店堛漯F西吃,opi
但是總覺得有點太過淡了,opi
不過我吃起來對他們高湯的味道的感覺嘛嗯雖然好吃但就是如此沒有什麼特別驚喜的,opi
都沒喝完味道超淡喝起來有點噁心,opi
我吃個兩片就覺得很膩猛喝飲料囉,opi
薄咖哩也普普所附的玉米濃湯也很普通都沒啥特別之處就是,opi
京都排骨：超級失敗肉很少全是骨頭調味也不怎麼樣,opi
起來可以很明顯察覺與別家不同但同事跟我就覺得這樣的不慍不火的炒年糕吃起來,opi
剩的是插起來軟軟的蛋皮感,opi
以蘿蔓葉沾拌著凱薩沙拉醬有著濃郁的起士味另外的點綴則是眾所熟知的麵包丁培根和蕃茄和一般Casersalad不同在於口味重了些,opi
沒想到這位天兵服務生居然連她自己送的菜是什麼都不知道,opi
裡面好流的感覺而且丸子本身沒啥味道,opi
菜色真的很差沒有一點泰式料理的感覺大概只有生蝦還可以有些蝦仁捲,opi
而沙母的卵香是香但似乎有點普通,opi
只是有點酸讓我覺得相當嘔,opi
7主餐義大利麵我們四個人都認為不怎樣好吃,opi
這時我就覺得失望了真的很失望,opi
但是美食專家可能就不大愛囉,opi
表面烤得酥脆的那一種結果都沒有果然跟想像有落差,opi
烤的兩邊不均勻一邊很明顯有生肉的顏色是這個熟度剛好會嫩嫩水水的再多烤肉就會乾,opi
火鍋料--貢丸好吃花枝丸不推蛋餃魚餃蝦餃燕餃就跟一般的一樣,opi
羊肉片但是那個片似乎太小了以至於沒什麼感覺非常不推這一,opi
最近我去吃的這一兩年開始30元米粉羹也開始更不好吃了,opi
3有時候新的店員會有點兇兇的,opi
然每道菜口味都不錯但吃起來總覺沒上次那麼過癮少了種大快朵頤的暢快感,opi
泰式海鮮沙拉-點的時候說酸甜辣但是明顯只有辣甜跟酸都很不明顯,opi
冷掉以後味道就更不怎麼樣了,opi
多實在不喜歡,opi
實在是因為精華區對仁愛店服務品質的評價不敢領教,opi
很難形容啦,opi
整體來說新奇度有餘美味度不足,opi
但他們顛三倒四的說法及不耐煩的口氣,opi
我深深覺得她的食物品質還沒有過去的好,opi
喝了一口無糖綠媽呀果然是便宜貨苦澀自然是不在話下,opi
女服務生是不耐煩的回我們要再等一下,opi
說真的有點貴所以如果不是真的非常非常非常想吃的話可以省下這部分的錢,opi
黑貓包又油餡又硬吃過一口後要很勉強才能忍住把它吃完不然很浪費,opi
價位是相當相當的高而且只有排餐可以選擇沒有任何簡餐不過,opi
所以說那是一家非常不老實的生意人,opi
總共這三盤不怎麼樣的義大利麵,opi
排餐點了豬肋排和培根菲力豬肋排肉質還不錯但醬料味道過重,opi
我這次試過的感想也真的覺得口味是偏較清淡沒錯,opi
韭菜蠻不推薦的,opi
菜都是冷的耶每樣配菜都是冰冰涼涼真是summer酷勒,opi
練的時候沒有訓練一下該有的禮儀嗎？,opi
好像變很貴,opi
配上去就是覺得怪,opi
果然沒有義大利麵應有的咬勁煮的有點過頭了雞蓉也有點老要是沒配著義大利面的,opi
味道有點怪怪好像酸掉的沙拉,opi
但感覺很難吃連之前吃過好幾次的朋友也覺得變難吃,opi
缺點：口味單調沒得選擇,opi
抄手方面皮硬了點不夠薄有點可惜,opi
高麗菜豬肉則是不太特別,opi
smilekinoko可惜這湯頭是越來越不夠味了不知道骨肉湯是不是一樣11301830,opi
重點是服務品質和上菜過程簡真爛到不可理喻的田地,opi
雖然比以前貴一點但是他會是我再考慮去的店喔,opi
現在的蔥又很貴,opi
比較不推五香醬,opi
但是吃下去的時候我後悔了海鮮奶油醬完全沒有味道對是完全沒有味道,opi
餡料原本是起士焗雞肉或蔬菜的卻完全沒有焗出來的香味,opi
可惜價錢我覺得有一些貴就是一大群人去吃可能會比較實在,opi
水果則是柳丁就沒啥好評論了,opi
而且麵煮過軟基本上就淘汰囉,opi
現場去看卻又芳蹤杳然燒鴨感覺上沒什麼入味因為我只吃到一點點醬汁的味,opi
所以喝不太出來本來的味道怎樣,opi
愛店實在難吃得不像話而後來我跟老公去吃過之後也實在覺得兩,opi
鴨血比四川華神軟嫩但入味不夠,opi
冬瓜培根：名字有點忘了就是冬瓜加上培根做的湯還可以但有點太鹹,opi
不過餅皮不夠酥,opi
南陽街那邊的東西都不太乾淨,opi
似乎是太貴了後來我們又有點一份跟一開始的兩份份量差不多,opi
平價速食料理有了不好的偏見了可能是消費族群及價位的關係P＆L辣炒年糕的,opi
咖啡慕斯蛋糕尚未退冰完全硬梆梆,opi
記得第一次吃是在3年前那時口感還不錯接著一次比一次差,opi
乾等又覺得沒東西嗑所以又單點了兩樣東西服務生來的,opi
包子很大可是肉很少肥肉太多普普通通,opi
沒什摸客人動作超慢我後來就很不高興低說可以幫我們找一下位子ㄇ？,opi
更別說是葷是素了或是誰的套餐了也是一問三不知超了不起的,opi
我們點合菜菜色很多種但實在不便宜我們兩人點三菜一湯加起來就要730元,opi
一開始是一道烤飯糰飯糰烤了一下外表微焦就烤可以吃了不過味道還好,opi
感覺有點隨便豬小排和羊排也是同樣的狀況只是比較起來羊排最好吃,opi
油炸區最醒目的就是炸蝦啦不過蝦子沒多大裹粉倒是裹很大感覺不太爽,opi
湯太鹹柳橙汁是濃縮的我們都沒喝完,opi
青菜品質非常差讓我不想再去,opi
他家的餃子皮薄餡多可是餡普通我自己做的都比他有滋味,opi
五花豬肉片很多油脂我學姊很愛,opi
但也不怎麼好喝就是了,opi
個人覺得處理的不是很好有些許的腥味在不是很喜歡,opi
鮮捲並非現作的大概只是熱一下而已其它的泰菜都沒有入味如檸檬魚,opi
以前都吃九福不過現在真的覺得頗貴的,opi
只是真的不喜歡什錦水果那種甜味,opi
最後的心得是以這樣高的價位吃到的東西卻沒達到那價格該有的水準,opi
而吃較貴的套餐的客人才能進去餐廳裡面吃這是什麼道理自動先把客人分等級嗎,opi
吃個飯還要一直催促真煩,opi
再次領教到他們的慢動作和不知變通那時我的前面有二位在等他們都點一份份要慢慢,opi
看起來醃得不甚入味菜看起來很生所以才放得多味道才夠,opi
上菜的婦人maybe是闆娘吧咖哩碗乾脆用拋的好了,opi
水密桃慕斯--酸酸甜甜的不過不知道為什麼一直覺得很油吃幾口就吃不下,opi
但是真的好貴,opi
那個咖哩牛肉捲也是壞的\,opi
要抱怨的主題是這家店的品質價位比實在很低,opi
們前面那一桌的阿伯發飆了對服務生開罵嫌上菜速度太慢,opi
想試試的可以吃吃看保證不會想去第二次,opi
老闆老闆娘跟女兒因為生意太忙吵架Orz,opi
不過難免都有點稍微失去溫度讓好食度明顯下降不少憾甚,opi
以不甚深的大圓盤盛出除了基本的海鮮很意外的我還看到魚板海鮮的量不多,opi
但是未免太大塊了要分好幾口咬不然是吞不下去的,opi
比較沒那麼濃,opi
還有它的口味偏重,opi
菜太苦地瓜滿乾的,opi
我和我女友吃了650居然還加一成服務費天阿我是窮學生阿,opi
胖胖度直逼冬粉可是又沒有冬粉膨軟我很不喜歡這種莫名其妙的口感p,opi
飲料就果汁一般可樂雪碧芬達雀巢檸檬茶普通普通,opi
就簡餐來說感覺配菜有點冷清,opi
其實沒什麼味道說,opi
不過經過這次我想我有一陣子不吃牛了吧,opi
發現很多餐廳都是虛有其表而且阿打廣告的不見得就一定很好吃,opi
不過味道沒有很強烈清清淡淡的,opi
魯牛肚不曉得是不是因為我牙齒變差了感覺魯的不夠久還有些韌度,opi
實在有點食慾全無了再也無法入口心想這是螞蟻大補湯嗎？四隻會不會太誇張,opi
上菜無敵慢一群人去吃可以聊天打發等待時間,opi
前菜蝦子蔬菜莎拉還不錯蝦子很鮮甜蘑菇莎拉做的不好吃,opi
鍋底有許多辛香料和提味的蔥蒜不過久煮後會出現苦味所以湯無法喝；,opi
再搭配一般的胡椒粉和一層蒜醬呵很沒特色的雞排４０元,opi
發粉放太多了才會讓雙胞胎變小麵粉好像漲價,opi
上一個客人的口紅印沒有洗掉真的超誇張的,opi
醬油膏是不建議淋太多會太鹹,opi
我們剛到的時候有點不知所措該坐哪因為位置真的很少,opi
飲料冰咖啡不好喝,opi
但是喝完就會感到腥,opi
第二顆有一點點小腥味不過不是都這樣的嗎,opi
我寧願花150去吃冰館至少沒人對我們大小聲芒果也多,opi
不過蕃茄清湯很甜我預期的酸味不甚明顯甜但卻不會有膩的感覺,opi
的品質大家是知道的這裡的Meji應該是正牌的咬一口下去滿嘴的綿密口感,opi
老實說我對於純餐廳的評價普通都還不賴但是對於某種行業附設的餐飲業通常都不,opi
湯也不是一般的紅燒它是清燉的只喝一口就想再喝一口很鮮很潤滑,opi
味道：我是覺得這個還好因為我喜歡濃一點辣一點的泡菜味,opi
真的是甜香飽滿樣樣都顧到了糕也是屬於SOSO的,opi
我推薦香柚蘋果汁蕃茄梅蜜汁,opi
棒棒棒炒得火候剛剛好菜也很嫩很新鮮調味調的只能用完美來形容,opi
也都有一般不錯的水準,opi
招牌豆腐水餃真的不錯吃,opi
我們全家都很愛吃,opi
滷肉飯也很不錯可惜今天去得晚沒有飯了,opi
麻薯內餡包紅豆泥對我而言不太甜的紅豆泥味道嚐起來還不錯外面包裹的,opi
外服務品質也是非常重要的常常看一些店還蠻不錯吃的但是卻門可羅雀細想其,opi
相當於一人只要210真的算很便宜,opi
感覺那種海鮮的甜味黏在你的喉頭久久不散旁邊的蝦腦味道更加濃郁讓人欲罷不能,opi
口味相當清爽不過外觀有點醜,opi
飯上頭放著切薄片的玻璃肉旁邊有放一顆酸梅還有一點點很特別的豆子,opi
不過其實我很少吃吃到飽因為其實點定食份量就很多了,opi
檸檬水不錯但有點兒檸檬的苦湯每天都會供應兩種今天的是番茄清湯和蔬菜濃湯,opi
味道不錯價錢平實,opi
感覺還不賴給八十分,opi
味道也很不錯,opi
牛肉河粉--70元：涮過的牛肉片配上洋蔥和九層塔灑上胡椒搭配濃郁的湯頭讚,opi
可是我覺得真的滿好吃的推薦給大家去吃看看,opi
在鮮度還有甜度上都下降了很多而且還有一點室溫了該有的表面光澤也消失了,opi
沾醬比較特別的是有一種香料粉可以試試看跟平常沾醬油沙茶不一樣,opi
Faina的媽媽嚐過一次就愛上念念不忘呢,opi
濃湯真是一絕,opi
端來時滿是芝麻和花生的香味麻糬還熱熱的口感很棒也不會過甜,opi
很下飯,opi
茶碗蒸：內有肉一塊天婦羅14片還有東西忘了很甜嫩的茶碗蒸吃到連湯,opi
骨肉分離」鮮嫩而不老不像家裡燉到爛最後老掉的排骨肉真,opi
生菜滿新鮮的有兩條對半切開的蝦淋在上面的調味醋份量剛好,opi
裡頭的海鮮有花枝和蟹腳肉但是量不多奶油白醬口味濃郁厚重整體而言除了海鮮,opi
著起司一起吃還滿對味的,opi
以他的價位來說做出這樣味道的麵真的是物超所值,opi
論裝潢氣氛食物精緻度就算把價格也考量進去這家店絕對是逸園地區的翹楚,opi
紅糟雞麵不但胃滿足連身體都暖和起來很有家的味道：,opi
曾記的綠豆麻薯原味還蠻好吃的,opi
上送來第二條效率之快令人滿意至極之後再送上一壺熱茶還很貼心的一直提,opi
上頭灑著松子以及細蔥花搭配味噌醬著實美味,opi
呵呵我覺得比台中好吃說我吃的那個口味啦,opi
湯頭也很好喝,opi
涼拌木瓜絲--40元：：木瓜絲淋上碎花生和酸辣汁香脆爽口水準以上的好產品,opi
女友強力推薦蔬果沙拉也是同樣新鮮據說是店內招牌,opi
算還蠻划算的,opi
喝下去不會口乾反而覺得很有滋味,opi
炒出口味較重但又不太辣而牛肉恰好入口不會太老的下飯料理,opi
山藥莎拉好吃而且也滿養生的,opi
*起司蛋糕老爺的起司蛋糕真的好吃味道很濃郁搭配著熱咖啡超好吃的,opi
確實夠味真的是齒頰留香這時可惜沒有生啤在手啊一口生啤一口斑鳩就真的是,opi
好吃,opi
價位範圍每人：高級平均約450元像我跟朋友去吃大概都350元吃完超飽ㄚ,opi
真的是恰到好處極為討喜的金黃色澤酥脆又完全不油膩但內餡的味道太薄不夠搶眼,opi
酒精度不會很濃對不太喜歡喝酒的我來講味道剛剛好,opi
香茅為香料的一道菜雞腿皮煎的酥脆肉鮮嫩多汁；酒釀鮭魚則是由甜酒釀,opi
只是感覺比雞肉更加細緻加上是三杯的調味香辣可口讓人想叫兩碗飯來配,opi
干貝唇如果要比喻的話大概就像是安潔莉娜的嘴唇吧算是干貝中的性感美唇十分豐厚,opi
還不錯吃,opi
真的好吃推薦,opi
吃味道鮮美果不其然,opi
仿若果凍般滑溜順口連不喜歡生魚片的我都停不了筷子,opi
蝦肉鮮美嚼勁十足自然的清甜味沁入心脾,opi
Mrcheese的Focaccia除了保有Focaccia的特質介於pizza和麵包間的口感外皮酥脆,opi
定先把小黃瓜拿起來用一片土司包了吃然後才回頭去享受那天上下凡的豬排,opi
旁邊有炸蝦醬汁還不錯加了點分數回來所以有七十七分,opi
好吃好看好聽好玩這種餐廳值得一推再推我給極高的評,opi
可能會吃到的水準而真正品嚐過後超過我所想像的水準但是也覺得使用折價的感覺,opi
美味85,opi
前一天事先預定的原因其他餐點我朋友說也都很好吃所以我下一次應該會,opi
推薦項目1500合菜裡面的小火鍋宮寶雞丁,opi
蜜汁排骨味道不錯不過很硬,opi
份量比較少一點有點微辣但切片的豬排吃起來口感不錯外酥內軟,opi
因為我們只有兩個人女店員建議我們點竹筴魚魚依舊新鮮肉質多汁就連,opi
但實在不推它的炸素饅太乾而且有點油,opi
*紅蘿蔔蛋糕外表看起來紅紅的滿有健康概念的還不錯吃,opi
附餐的飲料更是好喝,opi
其他都普普通通還是七十分不過有道花椒螃蟹還什麼的給八十五分相當不賴,opi
我個人滿喜歡的表哥也覺得不錯算是一盤有誠意的沙拉,opi
而不該僅僅有著肉味就好,opi
精緻度當然不可能像懷石料裡那樣但比起一般日式餐廳還算不錯,opi
酸酸甜甜的和風醬更是一絕整道沙拉無懈可擊,opi
他還有另外賣肉包也不錯,opi
燙青菜用的則是大陸妹配上醬油膏很好吃唷,opi
中央部份的瓷盤熟食區一起給分好了七十就是普普通通的意思,opi
鼻而來接續著是糯米的淡淡甜香入口後就可感受到糯米的彈性還有香菇蝦米與,opi
料的部份食材都不錯我覺得加羊肉是最好吃的豬跟牛有點肥說,opi
菜色不少一副蠻可口的樣子,opi
論餐點我比較喜歡石山尤其是份量上誠意十足,opi
取而代之的是微甜的滋味加上肉質鮮嫩的雞肉雖然最近有禽流,opi
熱一下或是直接吃都可吃得到蝦和花枝的甜味這裡的附餐烏龍麵彈性十足喜歡滑溜QQ口感的人不妨一試,opi
不過以套餐整體而言算的上色香味俱全又划算了,opi
質感很硬的咖啡凍味道還OK,opi
而且一點腥味都沒有只有魚肉的甜味,opi
蛋香整盤炒飯可說是口口美味光吃蛋炒飯就是一種享受,opi
結果出乎意料麵上以後我跟我朋友就唏哩呼嚕的猛吃還好現場沒什麼客人,opi
鮭魚都還算新鮮,opi
我的豬肉砂鍋還不錯不過湯鹹了點,opi
阿萬還是一間值得再度造訪的小吃店,opi
店內的原味建築與擺設也透露出原住民高超的手工藝技術,opi
芒果奶酪有達到一般水準份量也適中畢竟我們才剛吃完豬肋排又喝了湯,opi
這個很好喝完全超乎附餐的飲料價值,opi
也沒想到這家店還不錯,opi
好吃我吃的是白醬的醬很香濃不過因為份量不算多所以也不會膩,opi
而用餐期間服務生也會適時的收走桌上不用的盤子而不會讓顧客有太急趕人的感覺,opi
他們的辣真的有推薦唷,opi
另外廁所也很不錯唷很喜歡觀察別人的廁所哈洗手抬旁插了一,opi
生蠔不熟吃了兩顆第一顆不錯,opi
比較大而且包的餡料很香很好吃,opi
聽說這對身體很好我還挺喜歡的可是我學妹討厭秋葵有點黏黏汁液的口感,opi
章魚涼拌沙拉：章魚切片給得大方但沙拉放太多了所以中午時間,opi
我同學不喜歡但我覺得不賴,opi
的日式烏龍麵加了旁邊的蔥花和辣粉湯頭更有味道也吃了涼拌蕨菜口感也是鮮甜吃完,opi
的天裡多了暖暖的火鍋可以選擇真是不錯,opi
小讓我覺得這家古早三明治如此特殊的獨家調味啊,opi
*芒果奶烙奶烙搭配著芒果SAUCE吃起來不會很膩好吃,opi
過了一段時間皮的酥脆相當恰到好處而且包括皮本身都有一種特殊的香氣,opi
配著白飯吃真的很好吃喔辣辣鹹鹹的可以讓人吃下好幾碗飯,opi
男友說別小看這家位於新店郊區的小店這的海產可是比基隆的還要新鮮好吃,opi
嗯嗯超好吃大概是因為新鮮吧,opi
不過烤蝦賣相好吃起來普普通通給個七十分好了,opi
鮮嫩多汁我覺得很軟很容易入口而且現場作很棒,opi
上海生煎包雖然皮很厚但很綿柔底部煎黃的色澤看起來很高雅,opi
便利商店三明治滿足度實在是高得太多了,opi
口感比較好而且不會塞牙湯汁雖然偏甜但跟白飯很搭配可以拌飯吃,opi
我比較喜歡在店內吃東西的感覺,opi
我是覺得前兩家都不錯吃,opi
當天一共有6個男生以下就是我們點的東西有些東西還不只點了一次綠綠的麵條上面還有蛋絲及小黃瓜吃配上清爽帶點鹹味的醬汁的確不錯呢這道就普普通通和一般外面賣的差不多但是醬油是帶點甜味的和整個皮蛋,opi
茶碗蒸大推裡面有好多蛤蠣和香菇好鮮好好吃喔,opi
COCO是咖啡口味的很香QQ的,opi
都煮的很綿很綿,opi
湯頭十分鮮甜本已經填飽了肚子還是忍不住喝了三大碗,opi
除了高麗菜牙外還有杏鮑菇和鮮香菇坐陪很快的就掃進我的肚子裡了,opi
不過還可以接受,opi
不像是外面工廠做的粗糙她外面白色的魚漿細膩而有口感,opi
腹部的部分也是甘甘甜甜的很不錯,opi
跟魚翅湯比起來頗清淡但還是不錯喝魚當然還是不認識啦,opi
缽中大半隻的龍蝦份量紮實,opi
不過我還是要推一下以那種價格是個值得一吃的店,opi
辣辣的口感很對我的脾胃讓我期待接下來的主菜,opi
但個頭超乎想像,opi
很快的我的餐點來了主食日式牛肉蔬菜墩飯頗讓我驚訝的是在於牛肉相當嫩不,opi
後來花了一點時間才到家約半小時多擁擠的公車飄滿了豬排的香氣；到家,opi
我要說她現在就不是很流而是很滑順可口,opi
我覺得還滿值得的推薦給大家,opi
而且用料絕對超過一般鍋貼,opi
重點是餐點都很好吃,opi
我們2個吃起來才不過100圓真的超撐的有給他划算到喔,opi
咖啡濃郁好好喝呀而且整杯弄的很豪華,opi
鼻的香氣,opi
很好吃附餐有燙青菜跟豆芽菜都是現炒的味道一樣美味可口,opi
且這樣的皮雖然薄但真的極有嚼勁呢,opi
6濃湯味道還可以,opi
之中還吃得到清脆由此可見食物的新鮮度日式料理也幾乎每樣都吃過了,opi
外面變的比較香酥是第一個,opi
冰點區有刨冰類和冰淇淋可以選擇它的冰淇淋還是明治的真是太給他幸福了,opi
有一次回家我媽叫我來吃說變的不錯吃耶什麼什麼的,opi
黑豆豆花的顏色雖然不太吸引人不過感覺很養生,opi
而且炸之前都會再裹粉和蘭Ｘ派一樣將更增添食物的美味,opi
喝湯就好了」我連忙說「我知道你們的紅糟雞很好吃,opi
齊排好增添了不少質感,opi
種類也蠻多的每個都吃一點就超飽了,opi
豆腐湯就比較普通但也不算很遜,opi
只見新鮮的生菜上頭淋上金黃的柳橙醬和藍紫色的藍莓醬整盤沙拉顯得特別豐富,opi
那清爽的口感讓人不知覺就多吃了好幾個,opi
炒麵本來就是我的最愛只要口味重一點熱熱的我最很喜歡吃,opi
*巧克力幕斯幕斯有點太軟了不知道是不是放室溫太久的關係還不錯吃,opi
喜歡吃韓國菜的應該會喜歡很有道地的家庭風味,opi
他們的食材普普可以接受,opi
所以也不錯吃而且cheese撲得夠多每一口都可以舀到cheese然後還牽絲所以還不賴,opi
很香很好吃,opi
有個奶油貝類的還不錯吃可以給八十五,opi
麵煮的軟硬適中番茄醬汁酸酸甜甜加上富有彈性的燻雞肉,opi
聽說梅子醋比較好喝,opi
少了點口味還不錯,opi
當然價格也滿便宜低,opi
烤肉方面也是正常不過我覺得他們的醬算還ｏｋ蠻好吃的啦,opi
最最重要的是全場吃到最好吃的東西是快炒區的炒龍鬚菜,opi
我想說的是太好吃啦,opi
大人會捨不得給小孩吃的唷好吃到無法形容比到大陸吃頂級大閘蟹還棒,opi
我的冰奶茶也蠻好喝不會太甜所以喝不會膩,opi
玉米濃湯口味普通算是中上之作裡頭還吃得到一些小肉末,opi
另外友人點番茄湯底的羊肉鍋也不錯喔,opi
可能是因為煮好太久特殊的衝勁略為消失了吧其他的小菜看起來也很不錯,opi
前菜烤麵包+濃湯濃湯單獨吃沒什麼鹹味奶味滿濃的給70分,opi
跟行銷方式都很對我的胃口價格也不過份坐下前跟老闆娘聊了幾句她笑起來真的,opi
豐富的番茄香料還有絞肉讓這道常見的肉醬麵變的不再平凡,opi
今天的菜色總共是$680兩個人平分不算貴也沒有特別便宜不過真的很新鮮,opi
有醃燻起司還有小黃瓜上面放著起司這個吃起來很特殊沒想到起司,opi
